DELETE FROM PRICES;
DELETE FROM BRANDS;
DELETE FROM PRODUCTS;


-- Inserción de marcas en la tabla 'BRANDS'
INSERT INTO BRANDS (ID, NAME) VALUES (1, 'ZARA');
INSERT INTO BRANDS (ID, NAME) VALUES (2, 'MASSIMO DUTTI');
INSERT INTO BRANDS (ID, NAME) VALUES (3, 'PULL & BEAR');
INSERT INTO BRANDS (ID, NAME) VALUES (4, 'BERSHKA');
INSERT INTO BRANDS (ID, NAME) VALUES (5, 'STRADIVARIUS');

-- Inserción de productos en la tabla 'PRODUCTS'
INSERT INTO PRODUCTS (ID, NAME) VALUES (35455, 'TOP LENCERO ENCAJE ZW COLLECTION');
INSERT INTO PRODUCTS (ID, NAME) VALUES (10002, 'ZAPATILLAS DEPORTIVAS BAMBA ESTAMPADO ANIMAL');
INSERT INTO PRODUCTS (ID, NAME) VALUES (20003, 'CUERPO CREPE NUDO');
INSERT INTO PRODUCTS (ID, NAME) VALUES (30004, 'PANTALÓN CARGO CINTURA ELÁSTICA');
INSERT INTO PRODUCTS (ID, NAME) VALUES (40005, 'MULE ESTAMPADO ANIMAL');

-- Inserción de precios en la tabla 'PRICES'
-- Precios reales para el producto 35455 (TOP LENCERO ENCAJE ZW COLLECTION)
INSERT INTO PRICES (BRAND_ID, START_DATE, END_DATE, PRICE_LIST, PRODUCT_ID, PRIORITY, PRICE, CURR) 
VALUES (1, '2020-06-14 00:00:00', '2020-12-31 23:59:59', 1, 35455, 0, 35.50, 'EUR');

INSERT INTO PRICES (BRAND_ID, START_DATE, END_DATE, PRICE_LIST, PRODUCT_ID, PRIORITY, PRICE, CURR) 
VALUES (1, '2020-06-14 15:00:00', '2020-06-14 18:30:00', 2, 35455, 1, 25.45, 'EUR');

INSERT INTO PRICES (BRAND_ID, START_DATE, END_DATE, PRICE_LIST, PRODUCT_ID, PRIORITY, PRICE, CURR) 
VALUES (1, '2020-06-15 00:00:00', '2020-06-15 11:00:00', 3, 35455, 1, 30.50, 'EUR');
 
INSERT INTO PRICES (BRAND_ID, START_DATE, END_DATE, PRICE_LIST, PRODUCT_ID, PRIORITY, PRICE, CURR) 
VALUES (1, '2020-06-15 16:00:00', '2020-12-31 23:59:59', 4, 35455, 1, 38.95, 'EUR');

INSERT INTO PRICES (BRAND_ID, START_DATE, END_DATE, PRICE_LIST, PRODUCT_ID, PRIORITY, PRICE, CURR) 
VALUES (2, '2020-06-15 16:00:00', '2020-12-31 23:59:59', 4, 20003, 1, 38.95, 'EUR');
